ConD,Cook Political Report,Inside Elections,Sabato's Crystal Ball,cook_code,inside_code,crystal_code,avg_ratings_2022,year
AK-01,Lean Democratic,Tilt Democratic,Lean Democratic,2,1,2,1.666666667,2022
AL-01,Solid Republican,Solid Republican,Safe Republican,-4,-4,-4,-4,2022
AL-02,Solid Republican,Solid Republican,Safe Republican,-4,-4,-4,-4,2022
AL-03,Solid Republican,Solid Republican,Safe Republican,-4,-4,-4,-4,2022
AL-04,Solid Republican,Solid Republican,Safe Republican,-4,-4,-4,-4,2022
AL-05,Solid Republican,Solid Republican,Safe Republican,-4,-4,-4,-4,2022
AL-06,Solid Republican,Solid Republican,Safe Republican,-4,-4,-4,-4,2022
AL-07,Solid Democratic,Solid Democratic,Safe Democratic,4,4,4,4,2022
AR-01,Solid Republican,Solid Republican,Safe Republican,-4,-4,-4,-4,2022
AR-02,Solid Republican,Solid Republican,Safe Republican,-4,-4,-4,-4,2022
AR-03,Solid Republican,Solid Republican,Safe Republican,-4,-4,-4,-4,2022
AR-04,Solid Republican,Solid Republican,Safe Republican,-4,-4,-4,-4,2022
AZ-01,Toss-up,Lean Republican,Lean Republican,0,-2,-2,-1.333333333,2022
AZ-02,Lean Republican,Lean Republican,Lean Republican,-2,-2,-2,-2,2022
AZ-03,Solid Democratic,Solid Democratic,Safe Democratic,4,4,4,4,2022
AZ-04,Likely Democratic,Likely Democratic,Lean Democratic,3,3,2,2.666666667,2022
AZ-05,Solid Republican,Solid Republican,Safe Republican,-4,-4,-4,-4,2022
AZ-06,Lean Republican,Tilt Republican,Lean Republican,-2,-1,-2,-1.666666667,2022
AZ-07,Solid Democratic,Solid Democratic,Safe Democratic,4,4,4,4,2022
AZ-08,Solid Republican,Solid Republican,Safe Republican,-4,-4,-4,-4,2022
AZ-09,Solid Republican,Solid Republican,Safe Republican,-4,-4,-4,-4,2022
CA-01,Solid Republican,Solid Republican,Safe Republican,-4,-4,-4,-4,2022
CA-02,Solid Democratic,Solid Democratic,Safe Democratic,4,4,4,4,2022
CA-03,Likely Republican,Likely Republican,Likely Republican,-3,-3,-3,-3,2022
CA-04,Solid Democratic,Solid Democratic,Safe Democratic,4,4,4,4,2022
CA-05,Solid Republican,Solid Republican,Safe Republican,-4,-4,-4,-4,2022
CA-06,Solid Democratic,Solid Democratic,Safe Democratic,4,4,4,4,2022
CA-07,Solid Democratic,Solid Democratic,Safe Democratic,4,4,4,4,2022
CA-08,Solid Democratic,Solid Democratic,Safe Democratic,4,4,4,4,2022
CA-09,Lean Democratic,Likely Democratic,Lean Democratic,2,3,2,2.333333333,2022
CA-10,Solid Democratic,Solid Democratic,Safe Democratic,4,4,4,4,2022
CA-11,Solid Democratic,Solid Democratic,Safe Democratic,4,4,4,4,2022
CA-12,Solid Democratic,Solid Democratic,Safe Democratic,4,4,4,4,2022
CA-13,Toss-up,Tilt Democratic,Toss-up,0,1,0,0.333333333,2022
CA-14,Solid Democratic,Solid Democratic,Safe Democratic,4,4,4,4,2022
CA-15,Solid Democratic,Solid Democratic,Safe Democratic,4,4,4,4,2022
CA-16,Solid Democratic,Solid Democratic,Safe Democratic,4,4,4,4,2022
CA-17,Solid Democratic,Solid Democratic,Safe Democratic,4,4,4,4,2022
CA-18,Solid Democratic,Solid Democratic,Safe Democratic,4,4,4,4,2022
CA-19,Solid Democratic,Solid Democratic,Safe Democratic,4,4,4,4,2022
CA-20,Solid Republican,Solid Republican,Safe Republican,-4,-4,-4,-4,2022
CA-21,Solid Democratic,Solid Democratic,Safe Democratic,4,4,4,4,2022
CA-22,Toss-up,Toss-up,Toss-up,0,0,0,0,2022
CA-23,Solid Republican,Solid Republican,Safe Republican,-4,-4,-4,-4,2022
CA-24,Solid Democratic,Solid Democratic,Safe Democratic,4,4,4,4,2022
CA-25,Solid Democratic,Solid Democratic,Likely Democratic,4,4,3,3.666666667,2022
CA-26,Lean Democratic,Solid Democratic,Likely Democratic,2,4,3,3,2022
CA-27,Toss-up,Tilt Republican,Lean Republican,0,-1,-2,-1,2022
CA-28,Solid Democratic,Solid Democratic,Safe Democratic,4,4,4,4,2022
CA-29,Solid Democratic,Solid Democratic,Safe Democratic,4,4,4,4,2022
CA-30,Solid Democratic,Solid Democratic,Safe Democratic,4,4,4,4,2022
CA-31,Solid Democratic,Solid Democratic,Safe Democratic,4,4,4,4,2022
CA-32,Solid Democratic,Solid Democratic,Safe Democratic,4,4,4,4,2022
CA-33,Solid Democratic,Solid Democratic,Safe Democratic,4,4,4,4,2022
CA-34,Solid Democratic,Solid Democratic,Safe Democratic,4,4,4,4,2022
CA-35,Solid Democratic,Solid Democratic,Safe Democratic,4,4,4,4,2022
CA-36,Solid Democratic,Solid Democratic,Safe Democratic,4,4,4,4,2022
CA-37,Solid Democratic,Solid Democratic,Safe Democratic,4,4,4,4,2022
CA-38,Solid Democratic,Solid Democratic,Safe Democratic,4,4,4,4,2022
CA-39,Solid Democratic,Solid Democratic,Safe Democratic,4,4,4,4,2022
CA-40,Likely Republican,Likely Republican,Likely Republican,-3,-3,-3,-3,2022
CA-41,Lean Republican,Solid Republican,Likely Republican,-2,-4,-3,-3,2022
CA-42,Solid Democratic,Solid Democratic,Safe Democratic,4,4,4,4,2022
CA-43,Solid Democratic,Solid Democratic,Safe Democratic,4,4,4,4,2022
CA-44,Solid Democratic,Solid Democratic,Safe Democratic,4,4,4,4,2022
CA-45,Lean Republican,Lean Republican,Lean Republican,-2,-2,-2,-2,2022
CA-46,Solid Democratic,Solid Democratic,Safe Democratic,4,4,4,4,2022
CA-47,Toss-up,Lean Democratic,Lean Democratic,0,2,2,1.333333333,2022
CA-48,Solid Republican,Solid Republican,Safe Republican,-4,-4,-4,-4,2022
CA-49,Toss-up,Lean Democratic,Lean Democratic,0,2,2,1.333333333,2022
CA-50,Solid Democratic,Solid Democratic,Safe Democratic,4,4,4,4,2022
CA-51,Solid Democratic,Solid Democratic,Safe Democratic,4,4,4,4,2022
CA-52,Solid Democratic,Solid Democratic,Safe Democratic,4,4,4,4,2022
CO-01,Solid Democratic,Solid Democratic,Safe Democratic,4,4,4,4,2022
CO-02,Solid Democratic,Solid Democratic,Safe Democratic,4,4,4,4,2022
CO-03,Solid Republican,Solid Republican,Likely Republican,-4,-4,-3,-3.666666667,2022
CO-04,Solid Republican,Solid Republican,Safe Republican,-4,-4,-4,-4,2022
CO-05,Solid Republican,Solid Republican,Safe Republican,-4,-4,-4,-4,2022
CO-06,Solid Democratic,Solid Democratic,Safe Democratic,4,4,4,4,2022
CO-07,Likely Democratic,Likely Democratic,Lean Democratic,3,3,2,2.666666667,2022
CO-08,Toss-up,Toss-up,Toss-up,0,0,0,0,2022
CT-01,Solid Democratic,Solid Democratic,Safe Democratic,4,4,4,4,2022
CT-02,Likely Democratic,Solid Democratic,Likely Democratic,3,4,3,3.333333333,2022
CT-03,Solid Democratic,Solid Democratic,Safe Democratic,4,4,4,4,2022
CT-04,Solid Democratic,Solid Democratic,Safe Democratic,4,4,4,4,2022
CT-05,Toss-up,Lean Democratic,Lean Democratic,0,2,2,1.333333333,2022
DE-01,Solid Democratic,Solid Democratic,Safe Democratic,4,4,4,4,2022
FL-01,Solid Republican,Solid Republican,Safe Republican,-4,-4,-4,-4,2022
FL-02,Solid Republican,Solid Republican,Safe Republican,-4,-4,-4,-4,2022
FL-03,Solid Republican,Solid Republican,Safe Republican,-4,-4,-4,-4,2022
FL-04,Solid Republican,Solid Republican,Safe Republican,-4,-4,-4,-4,2022
FL-05,Solid Republican,Likely Republican,Safe Republican,-4,-3,-4,-3.666666667,2022
FL-06,Solid Republican,Solid Republican,Safe Republican,-4,-4,-4,-4,2022
FL-07,Solid Republican,Likely Republican,Safe Republican,-4,-3,-4,-3.666666667,2022
FL-08,Solid Republican,Solid Republican,Safe Republican,-4,-4,-4,-4,2022
FL-09,Solid Democratic,Solid Democratic,Safe Democratic,4,4,4,4,2022
FL-10,Solid Democratic,Solid Democratic,Safe Democratic,4,4,4,4,2022
FL-11,Solid Republican,Solid Republican,Safe Republican,-4,-4,-4,-4,2022
FL-12,Solid Republican,Solid Republican,Safe Republican,-4,-4,-4,-4,2022
FL-13,Likely Republican,Likely Republican,Likely Republican,-3,-3,-3,-3,2022
FL-14,Solid Democratic,Solid Democratic,Safe Democratic,4,4,4,4,2022
FL-15,Likely Republican,Likely Republican,Likely Republican,-3,-3,-3,-3,2022
FL-16,Solid Republican,Solid Republican,Safe Republican,-4,-4,-4,-4,2022
FL-17,Solid Republican,Solid Republican,Safe Republican,-4,-4,-4,-4,2022
FL-18,Solid Republican,Solid Republican,Safe Republican,-4,-4,-4,-4,2022
FL-19,Solid Republican,Solid Republican,Safe Republican,-4,-4,-4,-4,2022
FL-20,Solid Democratic,Solid Democratic,Safe Democratic,4,4,4,4,2022
FL-21,Solid Republican,Solid Republican,Safe Republican,-4,-4,-4,-4,2022
FL-22,Solid Democratic,Solid Democratic,Safe Democratic,4,4,4,4,2022
FL-23,Solid Democratic,Solid Democratic,Safe Democratic,4,4,4,4,2022
FL-24,Solid Democratic,Solid Democratic,Safe Democratic,4,4,4,4,2022
FL-25,Solid Democratic,Solid Democratic,Safe Democratic,4,4,4,4,2022
FL-26,Solid Republican,Solid Republican,Safe Republican,-4,-4,-4,-4,2022
FL-27,Lean Republican,Likely Republican,Likely Republican,-2,-3,-3,-2.666666667,2022
FL-28,Solid Republican,Solid Republican,Safe Republican,-4,-4,-4,-4,2022
GA-01,Solid Republican,Solid Republican,Safe Republican,-4,-4,-4,-4,2022
GA-02,Likely Democratic,Solid Democratic,Likely Democratic,3,4,3,3.333333333,2022
GA-03,Solid Republican,Solid Republican,Safe Republican,-4,-4,-4,-4,2022
GA-04,Solid Democratic,Solid Democratic,Safe Democratic,4,4,4,4,2022
GA-05,Solid Democratic,Solid Democratic,Safe Democratic,4,4,4,4,2022
GA-06,Solid Republican,Likely Republican,Safe Republican,-4,-3,-4,-3.666666667,2022
GA-07,Solid Democratic,Solid Democratic,Safe Democratic,4,4,4,4,2022
GA-08,Solid Republican,Solid Republican,Safe Republican,-4,-4,-4,-4,2022
GA-09,Solid Republican,Solid Republican,Safe Republican,-4,-4,-4,-4,2022
GA-10,Solid Republican,Solid Republican,Safe Republican,-4,-4,-4,-4,2022
GA-11,Solid Republican,Solid Republican,Safe Republican,-4,-4,-4,-4,2022
GA-12,Solid Republican,Solid Republican,Safe Republican,-4,-4,-4,-4,2022
GA-13,Solid Democratic,Solid Democratic,Safe Democratic,4,4,4,4,2022
GA-14,Solid Republican,Solid Republican,Safe Republican,-4,-4,-4,-4,2022
HI-01,Solid Democratic,Solid Democratic,Safe Democratic,4,4,4,4,2022
HI-02,Solid Democratic,Solid Democratic,Safe Democratic,4,4,4,4,2022
IA-01,Lean Republican,Lean Republican,Likely Republican,-2,-2,-3,-2.333333333,2022
IA-02,Lean Republican,Tilt Republican,Likely Republican,-2,-1,-3,-2,2022
IA-03,Lean Republican,Toss-up,Lean Republican,-2,0,-2,-1.333333333,2022
IA-04,Solid Republican,Solid Republican,Safe Republican,-4,-4,-4,-4,2022
ID-01,Solid Republican,Solid Republican,Safe Republican,-4,-4,-4,-4,2022
ID-02,Solid Republican,Solid Republican,Safe Republican,-4,-4,-4,-4,2022
IL-01,Solid Democratic,Solid Democratic,Safe Democratic,4,4,4,4,2022
IL-02,Solid Democratic,Solid Democratic,Safe Democratic,4,4,4,4,2022
IL-03,Solid Democratic,Solid Democratic,Safe Democratic,4,4,4,4,2022
IL-04,Solid Democratic,Solid Democratic,Safe Democratic,4,4,4,4,2022
IL-05,Solid Democratic,Solid Democratic,Safe Democratic,4,4,4,4,2022
IL-06,Lean Democratic,Likely Democratic,Likely Democratic,2,3,3,2.666666667,2022
IL-07,Solid Democratic,Solid Democratic,Safe Democratic,4,4,4,4,2022
IL-08,Solid Democratic,Solid Democratic,Safe Democratic,4,4,4,4,2022
IL-09,Solid Democratic,Solid Democratic,Safe Democratic,4,4,4,4,2022
IL-10,Solid Democratic,Solid Democratic,Safe Democratic,4,4,4,4,2022
IL-11,Likely Democratic,Solid Democratic,Likely Democratic,3,4,3,3.333333333,2022
IL-12,Solid Republican,Solid Republican,Safe Republican,-4,-4,-4,-4,2022
IL-13,Lean Democratic,Lean Democratic,Lean Democratic,2,2,2,2,2022
IL-14,Lean Democratic,Likely Democratic,Lean Democratic,2,3,2,2.333333333,2022
IL-15,Solid Republican,Solid Republican,Safe Republican,-4,-4,-4,-4,2022
IL-16,Solid Republican,Solid Republican,Safe Republican,-4,-4,-4,-4,2022
IL-17,Toss-up,Tilt Democratic,Toss-up,0,1,0,0.333333333,2022
IN-01,Toss-up,Lean Democratic,Toss-up,0,2,0,0.666666667,2022
IN-02,Solid Republican,Solid Republican,Safe Republican,-4,-4,-4,-4,2022
IN-03,Solid Republican,Solid Republican,Safe Republican,-4,-4,-4,-4,2022
IN-04,Solid Republican,Solid Republican,Safe Republican,-4,-4,-4,-4,2022
IN-05,Solid Republican,Solid Republican,Safe Republican,-4,-4,-4,-4,2022
IN-06,Solid Republican,Solid Republican,Safe Republican,-4,-4,-4,-4,2022
IN-07,Solid Democratic,Solid Democratic,Safe Democratic,4,4,4,4,2022
IN-08,Solid Republican,Solid Republican,Safe Republican,-4,-4,-4,-4,2022
IN-09,Solid Republican,Solid Republican,Safe Republican,-4,-4,-4,-4,2022
KS-01,Solid Republican,Solid Republican,Safe Republican,-4,-4,-4,-4,2022
KS-02,Solid Republican,Solid Republican,Safe Republican,-4,-4,-4,-4,2022
KS-03,Lean Democratic,Tilt Democratic,Toss-up,2,1,0,1,2022
KS-04,Solid Republican,Solid Republican,Safe Republican,-4,-4,-4,-4,2022
KY-01,Solid Republican,Solid Republican,Safe Republican,-4,-4,-4,-4,2022
KY-02,Solid Republican,Solid Republican,Safe Republican,-4,-4,-4,-4,2022
KY-03,Solid Democratic,Solid Democratic,Safe Democratic,4,4,4,4,2022
KY-04,Solid Republican,Solid Republican,Safe Republican,-4,-4,-4,-4,2022
KY-05,Solid Republican,Solid Republican,Safe Republican,-4,-4,-4,-4,2022
KY-06,Solid Republican,Solid Republican,Safe Republican,-4,-4,-4,-4,2022
LA-01,Solid Republican,Solid Republican,Safe Republican,-4,-4,-4,-4,2022
LA-02,Solid Democratic,Solid Democratic,Safe Democratic,4,4,4,4,2022
LA-03,Solid Republican,Solid Republican,Safe Republican,-4,-4,-4,-4,2022
LA-04,Solid Republican,Solid Republican,Safe Republican,-4,-4,-4,-4,2022
LA-05,Solid Republican,Solid Republican,Safe Republican,-4,-4,-4,-4,2022
LA-06,Solid Republican,Solid Republican,Safe Republican,-4,-4,-4,-4,2022
MA-01,Solid Democratic,Solid Democratic,Safe Democratic,4,4,4,4,2022
MA-02,Solid Democratic,Solid Democratic,Safe Democratic,4,4,4,4,2022
MA-03,Solid Democratic,Solid Democratic,Safe Democratic,4,4,4,4,2022
MA-04,Solid Democratic,Solid Democratic,Safe Democratic,4,4,4,4,2022
MA-05,Solid Democratic,Solid Democratic,Safe Democratic,4,4,4,4,2022
MA-06,Solid Democratic,Solid Democratic,Safe Democratic,4,4,4,4,2022
MA-07,Solid Democratic,Solid Democratic,Safe Democratic,4,4,4,4,2022
MA-08,Solid Democratic,Solid Democratic,Safe Democratic,4,4,4,4,2022
MA-09,Solid Democratic,Solid Democratic,Safe Democratic,4,4,4,4,2022
MD-01,Solid Republican,Solid Republican,Safe Republican,-4,-4,-4,-4,2022
MD-02,Solid Democratic,Solid Democratic,Safe Democratic,4,4,4,4,2022
MD-03,Solid Democratic,Solid Democratic,Safe Democratic,4,4,4,4,2022
MD-04,Solid Democratic,Solid Democratic,Safe Democratic,4,4,4,4,2022
MD-05,Solid Democratic,Solid Democratic,Safe Democratic,4,4,4,4,2022
MD-06,Likely Democratic,Likely Democratic,Lean Democratic,3,3,2,2.666666667,2022
MD-07,Solid Democratic,Solid Democratic,Safe Democratic,4,4,4,4,2022
MD-08,Solid Democratic,Solid Democratic,Safe Democratic,4,4,4,4,2022
ME-01,Solid Democratic,Solid Democratic,Safe Democratic,4,4,4,4,2022
ME-02,Toss-up,Tilt Democratic,Toss-up,0,1,0,0.333333333,2022
MI-01,Solid Republican,Solid Republican,Safe Republican,-4,-4,-4,-4,2022
MI-02,Solid Republican,Solid Republican,Safe Republican,-4,-4,-4,-4,2022
MI-03,Lean Democratic,Lean Democratic,Lean Democratic,2,2,2,2,2022
MI-04,Solid Republican,Solid Republican,Safe Republican,-4,-4,-4,-4,2022
MI-05,Solid Republican,Solid Republican,Safe Republican,-4,-4,-4,-4,2022
MI-06,Solid Democratic,Solid Democratic,Safe Democratic,4,4,4,4,2022
MI-07,Toss-up,Tilt Democratic,Toss-up,0,1,0,0.333333333,2022
MI-08,Lean Democratic,Lean Democratic,Toss-up,2,2,0,1.333333333,2022
MI-09,Solid Republican,Solid Republican,Safe Republican,-4,-4,-4,-4,2022
MI-10,Likely Republican,Lean Republican,Lean Republican,-3,-2,-2,-2.333333333,2022
MI-11,Solid Democratic,Solid Democratic,Safe Democratic,4,4,4,4,2022
MI-12,Solid Democratic,Solid Democratic,Safe Democratic,4,4,4,4,2022
MI-13,Solid Democratic,Solid Democratic,Safe Democratic,4,4,4,4,2022
MN-01,Likely Republican,Solid Republican,Likely Republican,-3,-4,-3,-3.333333333,2022
MN-02,Toss-up,Toss-up,Toss-up,0,0,0,0,2022
MN-03,Solid Democratic,Solid Democratic,Safe Democratic,4,4,4,4,2022
MN-04,Solid Democratic,Solid Democratic,Safe Democratic,4,4,4,4,2022
MN-05,Solid Democratic,Solid Democratic,Safe Democratic,4,4,4,4,2022
MN-06,Solid Republican,Solid Republican,Safe Republican,-4,-4,-4,-4,2022
MN-07,Solid Republican,Solid Republican,Safe Republican,-4,-4,-4,-4,2022
MN-08,Solid Republican,Solid Republican,Safe Republican,-4,-4,-4,-4,2022
MO-01,Solid Democratic,Solid Democratic,Safe Democratic,4,4,4,4,2022
MO-02,Solid Republican,Solid Republican,Safe Republican,-4,-4,-4,-4,2022
MO-03,Solid Republican,Solid Republican,Safe Republican,-4,-4,-4,-4,2022
MO-04,Solid Republican,Solid Republican,Safe Republican,-4,-4,-4,-4,2022
MO-05,Solid Democratic,Solid Democratic,Safe Democratic,4,4,4,4,2022
MO-06,Solid Republican,Solid Republican,Safe Republican,-4,-4,-4,-4,2022
MO-07,Solid Republican,Solid Republican,Safe Republican,-4,-4,-4,-4,2022
MO-08,Solid Republican,Solid Republican,Safe Republican,-4,-4,-4,-4,2022
MS-01,Solid Republican,Solid Republican,Safe Republican,-4,-4,-4,-4,2022
MS-02,Solid Democratic,Solid Democratic,Safe Democratic,4,4,4,4,2022
MS-03,Solid Republican,Solid Republican,Safe Republican,-4,-4,-4,-4,2022
MS-04,Solid Republican,Solid Republican,Safe Republican,-4,-4,-4,-4,2022
MT-01,Lean Republican,Lean Republican,Lean Republican,-2,-2,-2,-2,2022
MT-02,Solid Republican,Solid Republican,Safe Republican,-4,-4,-4,-4,2022
NC-01,Likely Democratic,Likely Democratic,Lean Democratic,3,3,2,2.666666667,2022
NC-02,Solid Democratic,Solid Democratic,Safe Democratic,4,4,4,4,2022
NC-03,Solid Republican,Solid Republican,Safe Republican,-4,-4,-4,-4,2022
NC-04,Solid Democratic,Solid Democratic,Safe Democratic,4,4,4,4,2022
NC-05,Solid Republican,Solid Republican,Safe Republican,-4,-4,-4,-4,2022
NC-06,Likely Democratic,Solid Democratic,Likely Democratic,3,4,3,3.333333333,2022
NC-07,Solid Republican,Solid Republican,Safe Republican,-4,-4,-4,-4,2022
NC-08,Solid Republican,Solid Republican,Safe Republican,-4,-4,-4,-4,2022
NC-09,Solid Republican,Solid Republican,Safe Republican,-4,-4,-4,-4,2022
NC-10,Solid Republican,Solid Republican,Safe Republican,-4,-4,-4,-4,2022
NC-11,Solid Republican,Solid Republican,Safe Republican,-4,-4,-4,-4,2022
NC-12,Solid Democratic,Solid Democratic,Safe Democratic,4,4,4,4,2022
NC-13,Toss-up,Toss-up,Lean Republican,0,0,-2,-0.666666667,2022
NC-14,Solid Democratic,Solid Democratic,Safe Democratic,4,4,4,4,2022
ND-01,Solid Republican,Solid Republican,Safe Republican,-4,-4,-4,-4,2022
NE-01,Solid Republican,Solid Republican,Safe Republican,-4,-4,-4,-4,2022
NE-02,Toss-up,Toss-up,Lean Republican,0,0,-2,-0.666666667,2022
NE-03,Solid Republican,Solid Republican,Safe Republican,-4,-4,-4,-4,2022
NH-01,Toss-up,Tilt Democratic,Lean Democratic,0,1,2,1,2022
NH-02,Lean Democratic,Likely Democratic,Likely Democratic,2,3,3,2.666666667,2022
NJ-01,Solid Democratic,Solid Democratic,Safe Democratic,4,4,4,4,2022
NJ-02,Solid Republican,Solid Republican,Safe Republican,-4,-4,-4,-4,2022
NJ-03,Lean Democratic,Solid Democratic,Likely Democratic,2,4,3,3,2022
NJ-04,Solid Republican,Solid Republican,Safe Republican,-4,-4,-4,-4,2022
NJ-05,Likely Democratic,Solid Democratic,Likely Democratic,3,4,3,3.333333333,2022
NJ-06,Solid Democratic,Solid Democratic,Safe Democratic,4,4,4,4,2022
NJ-07,Lean Republican,Tilt Republican,Lean Republican,-2,-1,-2,-1.666666667,2022
NJ-08,Solid Democratic,Solid Democratic,Safe Democratic,4,4,4,4,2022
NJ-09,Solid Democratic,Solid Democratic,Safe Democratic,4,4,4,4,2022
NJ-10,Solid Democratic,Solid Democratic,Safe Democratic,4,4,4,4,2022
NJ-11,Solid Democratic,Solid Democratic,Safe Democratic,4,4,4,4,2022
NJ-12,Solid Democratic,Solid Democratic,Safe Democratic,4,4,4,4,2022
NM-01,Solid Democratic,Solid Democratic,Likely Democratic,4,4,3,3.666666667,2022
NM-02,Toss-up,Toss-up,Lean Republican,0,0,-2,-0.666666667,2022
NM-03,Likely Democratic,Solid Democratic,Likely Democratic,3,4,3,3.333333333,2022
NV-01,Toss-up,Tilt Democratic,Lean Democratic,0,1,2,1,2022
NV-02,Solid Republican,Solid Republican,Safe Republican,-4,-4,-4,-4,2022
NV-03,Toss-up,Tilt Democratic,Toss-up,0,1,0,0.333333333,2022
NV-04,Lean Democratic,Lean Democratic,Lean Democratic,2,2,2,2,2022
NY-01,Lean Republican,Tilt Republican,Lean Republican,-2,-1,-2,-1.666666667,2022
NY-02,Likely Republican,Lean Republican,Likely Republican,-3,-2,-3,-2.666666667,2022
NY-03,Toss-up,Tilt Democratic,Toss-up,0,1,0,0.333333333,2022
NY-04,Toss-up,Lean Democratic,Lean Democratic,0,2,2,1.333333333,2022
NY-05,Solid Democratic,Solid Democratic,Safe Democratic,4,4,4,4,2022
NY-06,Solid Democratic,Solid Democratic,Safe Democratic,4,4,4,4,2022
NY-07,Solid Democratic,Solid Democratic,Safe Democratic,4,4,4,4,2022
NY-08,Solid Democratic,Solid Democratic,Safe Democratic,4,4,4,4,2022
NY-09,Solid Democratic,Solid Democratic,Safe Democratic,4,4,4,4,2022
NY-10,Solid Democratic,Solid Democratic,Safe Democratic,4,4,4,4,2022
NY-11,Likely Republican,Likely Republican,Likely Republican,-3,-3,-3,-3,2022
NY-12,Solid Democratic,Solid Democratic,Safe Democratic,4,4,4,4,2022
NY-13,Solid Democratic,Solid Democratic,Safe Democratic,4,4,4,4,2022
NY-14,Solid Democratic,Solid Democratic,Safe Democratic,4,4,4,4,2022
NY-15,Solid Democratic,Solid Democratic,Safe Democratic,4,4,4,4,2022
NY-16,Solid Democratic,Solid Democratic,Safe Democratic,4,4,4,4,2022
NY-17,Toss-up,Tilt Democratic,Lean Democratic,0,1,2,1,2022
NY-18,Lean Democratic,Tilt Democratic,Lean Democratic,2,1,2,1.666666667,2022
NY-19,Toss-up,Toss-up,Toss-up,0,0,0,0,2022
NY-20,Solid Democratic,Solid Democratic,Safe Democratic,4,4,4,4,2022
NY-21,Solid Republican,Solid Republican,Safe Republican,-4,-4,-4,-4,2022
NY-22,Toss-up,Toss-up,Lean Republican,0,0,-2,-0.666666667,2022
NY-23,Solid Republican,Solid Republican,Safe Republican,-4,-4,-4,-4,2022
NY-24,Solid Republican,Solid Republican,Safe Republican,-4,-4,-4,-4,2022
NY-25,Likely Democratic,Solid Democratic,Likely Democratic,3,4,3,3.333333333,2022
NY-26,Solid Democratic,Solid Democratic,Safe Democratic,4,4,4,4,2022
OH-01,Toss-up,Toss-up,Toss-up,0,0,0,0,2022
OH-02,Solid Republican,Solid Republican,Safe Republican,-4,-4,-4,-4,2022
OH-03,Solid Democratic,Solid Democratic,Safe Democratic,4,4,4,4,2022
OH-04,Solid Republican,Solid Republican,Safe Republican,-4,-4,-4,-4,2022
OH-05,Solid Republican,Solid Republican,Safe Republican,-4,-4,-4,-4,2022
OH-06,Solid Republican,Solid Republican,Safe Republican,-4,-4,-4,-4,2022
OH-07,Solid Republican,Solid Republican,Safe Republican,-4,-4,-4,-4,2022
OH-08,Solid Republican,Solid Republican,Safe Republican,-4,-4,-4,-4,2022
OH-09,Lean Democratic,Lean Democratic,Lean Democratic,2,2,2,2,2022
OH-10,Solid Republican,Solid Republican,Safe Republican,-4,-4,-4,-4,2022
OH-11,Solid Democratic,Solid Democratic,Safe Democratic,4,4,4,4,2022
OH-12,Solid Republican,Solid Republican,Safe Republican,-4,-4,-4,-4,2022
OH-13,Toss-up,Toss-up,Toss-up,0,0,0,0,2022
OH-14,Solid Republican,Solid Republican,Safe Republican,-4,-4,-4,-4,2022
OH-15,Solid Republican,Solid Republican,Safe Republican,-4,-4,-4,-4,2022
OK-01,Solid Republican,Solid Republican,Safe Republican,-4,-4,-4,-4,2022
OK-02,Solid Republican,Solid Republican,Safe Republican,-4,-4,-4,-4,2022
OK-03,Solid Republican,Solid Republican,Safe Republican,-4,-4,-4,-4,2022
OK-04,Solid Republican,Solid Republican,Safe Republican,-4,-4,-4,-4,2022
OK-05,Solid Republican,Solid Republican,Safe Republican,-4,-4,-4,-4,2022
OR-01,Solid Democratic,Solid Democratic,Safe Democratic,4,4,4,4,2022
OR-02,Solid Republican,Solid Republican,Safe Republican,-4,-4,-4,-4,2022
OR-03,Solid Democratic,Solid Democratic,Safe Democratic,4,4,4,4,2022
OR-04,Lean Democratic,Lean Democratic,Lean Democratic,2,2,2,2,2022
OR-05,Lean Republican,Toss-up,Lean Republican,-2,0,-2,-1.333333333,2022
OR-06,Toss-up,Toss-up,Lean Democratic,0,0,2,0.666666667,2022
PA-01,Solid Republican,Solid Republican,Likely Republican,-4,-4,-3,-3.666666667,2022
PA-02,Solid Democratic,Solid Democratic,Safe Democratic,4,4,4,4,2022
PA-03,Solid Democratic,Solid Democratic,Safe Democratic,4,4,4,4,2022
PA-04,Solid Democratic,Solid Democratic,Safe Democratic,4,4,4,4,2022
PA-05,Solid Democratic,Solid Democratic,Safe Democratic,4,4,4,4,2022
PA-06,Solid Democratic,Solid Democratic,Likely Democratic,4,4,3,3.666666667,2022
PA-07,Toss-up,Toss-up,Toss-up,0,0,0,0,2022
PA-08,Toss-up,Toss-up,Toss-up,0,0,0,0,2022
PA-09,Solid Republican,Solid Republican,Safe Republican,-4,-4,-4,-4,2022
PA-10,Solid Republican,Solid Republican,Safe Republican,-4,-4,-4,-4,2022
PA-11,Solid Republican,Solid Republican,Safe Republican,-4,-4,-4,-4,2022
PA-12,Likely Democratic,Solid Democratic,Likely Democratic,3,4,3,3.333333333,2022
PA-13,Solid Republican,Solid Republican,Safe Republican,-4,-4,-4,-4,2022
PA-14,Solid Republican,Solid Republican,Safe Republican,-4,-4,-4,-4,2022
PA-15,Solid Republican,Solid Republican,Safe Republican,-4,-4,-4,-4,2022
PA-16,Solid Republican,Solid Republican,Safe Republican,-4,-4,-4,-4,2022
PA-17,Toss-up,Toss-up,Toss-up,0,0,0,0,2022
RI-01,Solid Democratic,Solid Democratic,Safe Democratic,4,4,4,4,2022
RI-02,Toss-up,Tilt Democratic,Toss-up,0,1,0,0.333333333,2022
SC-01,Solid Republican,Solid Republican,Safe Republican,-4,-4,-4,-4,2022
SC-02,Solid Republican,Solid Republican,Safe Republican,-4,-4,-4,-4,2022
SC-03,Solid Republican,Solid Republican,Safe Republican,-4,-4,-4,-4,2022
SC-04,Solid Republican,Solid Republican,Safe Republican,-4,-4,-4,-4,2022
SC-05,Solid Republican,Solid Republican,Safe Republican,-4,-4,-4,-4,2022
SC-06,Solid Democratic,Solid Democratic,Safe Democratic,4,4,4,4,2022
SC-07,Solid Republican,Solid Republican,Safe Republican,-4,-4,-4,-4,2022
SD-01,Solid Republican,Solid Republican,Safe Republican,-4,-4,-4,-4,2022
TN-01,Solid Republican,Solid Republican,Safe Republican,-4,-4,-4,-4,2022
TN-02,Solid Republican,Solid Republican,Safe Republican,-4,-4,-4,-4,2022
TN-03,Solid Republican,Solid Republican,Safe Republican,-4,-4,-4,-4,2022
TN-04,Solid Republican,Solid Republican,Safe Republican,-4,-4,-4,-4,2022
TN-05,Likely Republican,Likely Republican,Safe Republican,-3,-3,-4,-3.333333333,2022
TN-06,Solid Republican,Solid Republican,Safe Republican,-4,-4,-4,-4,2022
TN-07,Solid Republican,Solid Republican,Safe Republican,-4,-4,-4,-4,2022
TN-08,Solid Republican,Solid Republican,Safe Republican,-4,-4,-4,-4,2022
TN-09,Solid Democratic,Solid Democratic,Safe Democratic,4,4,4,4,2022
TX-01,Solid Republican,Solid Republican,Safe Republican,-4,-4,-4,-4,2022
TX-02,Solid Republican,Solid Republican,Safe Republican,-4,-4,-4,-4,2022
TX-03,Solid Republican,Solid Republican,Safe Republican,-4,-4,-4,-4,2022
TX-04,Solid Republican,Solid Republican,Safe Republican,-4,-4,-4,-4,2022
TX-05,Solid Republican,Solid Republican,Safe Republican,-4,-4,-4,-4,2022
TX-06,Solid Republican,Solid Republican,Safe Republican,-4,-4,-4,-4,2022
TX-07,Solid Democratic,Solid Democratic,Safe Democratic,4,4,4,4,2022
TX-08,Solid Republican,Solid Republican,Safe Republican,-4,-4,-4,-4,2022
TX-09,Solid Democratic,Solid Democratic,Safe Democratic,4,4,4,4,2022
TX-10,Solid Republican,Solid Republican,Safe Republican,-4,-4,-4,-4,2022
TX-11,Solid Republican,Solid Republican,Safe Republican,-4,-4,-4,-4,2022
TX-12,Solid Republican,Solid Republican,Safe Republican,-4,-4,-4,-4,2022
TX-13,Solid Republican,Solid Republican,Safe Republican,-4,-4,-4,-4,2022
TX-14,Solid Republican,Solid Republican,Safe Republican,-4,-4,-4,-4,2022
TX-15,Likely Republican,Lean Republican,Likely Republican,-3,-2,-3,-2.666666667,2022
TX-16,Solid Democratic,Solid Democratic,Safe Democratic,4,4,4,4,2022
TX-17,Solid Republican,Solid Republican,Safe Republican,-4,-4,-4,-4,2022
TX-18,Solid Democratic,Solid Democratic,Safe Democratic,4,4,4,4,2022
TX-19,Solid Republican,Solid Republican,Safe Republican,-4,-4,-4,-4,2022
TX-20,Solid Democratic,Solid Democratic,Safe Democratic,4,4,4,4,2022
TX-21,Solid Republican,Solid Republican,Safe Republican,-4,-4,-4,-4,2022
TX-22,Solid Republican,Solid Republican,Safe Republican,-4,-4,-4,-4,2022
TX-23,Solid Republican,Solid Republican,Safe Republican,-4,-4,-4,-4,2022
TX-24,Solid Republican,Solid Republican,Safe Republican,-4,-4,-4,-4,2022
TX-25,Solid Republican,Solid Republican,Safe Republican,-4,-4,-4,-4,2022
TX-26,Solid Republican,Solid Republican,Safe Republican,-4,-4,-4,-4,2022
TX-27,Solid Republican,Solid Republican,Safe Republican,-4,-4,-4,-4,2022
TX-28,Lean Democratic,Lean Democratic,Toss-up,2,2,0,1.333333333,2022
TX-29,Solid Democratic,Solid Democratic,Safe Democratic,4,4,4,4,2022
TX-30,Solid Democratic,Solid Democratic,Safe Democratic,4,4,4,4,2022
TX-31,Solid Republican,Solid Republican,Safe Republican,-4,-4,-4,-4,2022
TX-32,Solid Democratic,Solid Democratic,Safe Democratic,4,4,4,4,2022
TX-33,Solid Democratic,Solid Democratic,Safe Democratic,4,4,4,4,2022
TX-34,Toss-up,Tilt Democratic,Toss-up,0,1,0,0.333333333,2022
TX-35,Solid Democratic,Solid Democratic,Safe Democratic,4,4,4,4,2022
TX-36,Solid Republican,Solid Republican,Safe Republican,-4,-4,-4,-4,2022
TX-37,Solid Democratic,Solid Democratic,Safe Democratic,4,4,4,4,2022
TX-38,Solid Republican,Solid Republican,Safe Republican,-4,-4,-4,-4,2022
UT-01,Solid Republican,Solid Republican,Safe Republican,-4,-4,-4,-4,2022
UT-02,Solid Republican,Solid Republican,Safe Republican,-4,-4,-4,-4,2022
UT-03,Solid Republican,Solid Republican,Safe Republican,-4,-4,-4,-4,2022
UT-04,Solid Republican,Solid Republican,Safe Republican,-4,-4,-4,-4,2022
VA-01,Solid Republican,Solid Republican,Safe Republican,-4,-4,-4,-4,2022
VA-02,Toss-up,Toss-up,Toss-up,0,0,0,0,2022
VA-03,Solid Democratic,Solid Democratic,Safe Democratic,4,4,4,4,2022
VA-04,Solid Democratic,Solid Democratic,Safe Democratic,4,4,4,4,2022
VA-05,Solid Republican,Solid Republican,Safe Republican,-4,-4,-4,-4,2022
VA-06,Solid Republican,Solid Republican,Safe Republican,-4,-4,-4,-4,2022
VA-07,Toss-up,Tilt Democratic,Lean Democratic,0,1,2,1,2022
VA-08,Solid Democratic,Solid Democratic,Safe Democratic,4,4,4,4,2022
VA-09,Solid Republican,Solid Republican,Safe Republican,-4,-4,-4,-4,2022
VA-10,Likely Democratic,Likely Democratic,Likely Democratic,3,3,3,3,2022
VA-11,Solid Democratic,Solid Democratic,Safe Democratic,4,4,4,4,2022
VT-01,Solid Democratic,Solid Democratic,Safe Democratic,4,4,4,4,2022
WA-01,Solid Democratic,Solid Democratic,Safe Democratic,4,4,4,4,2022
WA-02,Solid Democratic,Solid Democratic,Safe Democratic,4,4,4,4,2022
WA-03,Lean Republican,Lean Republican,Likely Republican,-2,-2,-3,-2.333333333,2022
WA-04,Solid Republican,Solid Republican,Safe Republican,-4,-4,-4,-4,2022
WA-05,Solid Republican,Solid Republican,Safe Republican,-4,-4,-4,-4,2022
WA-06,Solid Democratic,Solid Democratic,Safe Democratic,4,4,4,4,2022
WA-07,Solid Democratic,Solid Democratic,Safe Democratic,4,4,4,4,2022
WA-08,Toss-up,Toss-up,Lean Democratic,0,0,2,0.666666667,2022
WA-09,Solid Democratic,Solid Democratic,Safe Democratic,4,4,4,4,2022
WA-10,Solid Democratic,Solid Democratic,Safe Democratic,4,4,4,4,2022
WI-01,Solid Republican,Solid Republican,Safe Republican,-4,-4,-4,-4,2022
WI-02,Solid Democratic,Solid Democratic,Safe Democratic,4,4,4,4,2022
WI-03,Likely Republican,Lean Republican,Likely Republican,-3,-2,-3,-2.666666667,2022
WI-04,Solid Democratic,Solid Democratic,Safe Democratic,4,4,4,4,2022
WI-05,Solid Republican,Solid Republican,Safe Republican,-4,-4,-4,-4,2022
WI-06,Solid Republican,Solid Republican,Safe Republican,-4,-4,-4,-4,2022
WI-07,Solid Republican,Solid Republican,Safe Republican,-4,-4,-4,-4,2022
WI-08,Solid Republican,Solid Republican,Safe Republican,-4,-4,-4,-4,2022
WV-01,Solid Republican,Solid Republican,Safe Republican,-4,-4,-4,-4,2022
WV-02,Solid Republican,Solid Republican,Safe Republican,-4,-4,-4,-4,2022
WY-01,Solid Republican,Solid Republican,Safe Republican,-4,-4,-4,-4,2022